1. customer 테이블 생성

SQL> create table customer(
  2     id varchar2(20) primary key,
  3     pass varchar2(20),
  4     name varchar2(30) not null,
  5  regdate date,
  6  point number,
  7  addr varchar2(30));

Table created.

SQL> desc customer;
 Name                                                                                                                                                                                                                                                                                                                                                              Null?    Type
 ----------------------------------------------------------------------------------------------------------------------------------------------------------------------------------------------------------------------------------------------------------------------------------------------------------------------------------------------------------------- -------- -------------
 ID                                                                                                                                                                                                                                                                                                                                                                NOT NULL VARCHAR2(20)
 PASS                                                                                                                                                                                                                                                                                                                                                                       VARCHAR2(20)
 NAME                                                                                                                                                                                                                                                                                                                                                              NOT NULL VARCHAR2(30)
 REGDATE                                                                                                                                                                                                                                                                                                                                                                    DATE
 POINT                                                                                                                                                                                                                                                                                                                                                                      NUMBER
 ADDR                                                                                                                                                                                                                                                                                                                                                                       VARCHAR2(30)


1.3 3개 레코드 삽입

SQL> insert into customer values('jang','1234','장동건',sysdate,1000,'서울시');

1 row created.

SQL> insert into customer values('won','498464','원빈',sysdate,2000,'부산특별시');

1 row created.

SQL> insert into customer values('lee','4124154','이이이',sysdate,50000,'평양');

1 row created.

SQL> select * from customer;

ID                                       PASS                                     NAME                                                         REGDATE       POINT ADDR
---------------------------------------- ---------------------------------------- ------------------------------------------------------------ -------- ---------- ---------------------
jang                                     1234                                     장동건                                                       19/12/27       1000 서울시
won                                      498464                                   원빈                                                         19/12/27       2000 부산특별시
lee                                      4124154                                  이이이                                                       19/12/27      50000 평양




ㅡㅡㅡㅡㅡㅡㅡㅡㅡㅡㅡㅡㅡㅡㅡㅡㅡㅡㅡㅡㅡㅡㅡㅡㅡㅡㅡㅡㅡㅡㅡㅡㅡㅡㅡㅡㅡㅡㅡㅡㅡㅡㅡㅡㅡㅡㅡㅡㅡㅡㅡ
ㅡㅡㅡㅡㅡㅡㅡㅡㅡㅡㅡㅡㅡㅡㅡㅡㅡㅡㅡㅡㅡㅡ결과 확인 select문ㅡㅡㅡㅡㅡㅡㅡㅡㅡㅡㅡㅡㅡㅡㅡㅡㅡㅡㅡㅡㅡ
ㅡㅡㅡㅡㅡㅡㅡㅡㅡㅡㅡㅡㅡㅡㅡㅡㅡㅡㅡㅡㅡㅡㅡㅡㅡㅡㅡㅡㅡㅡㅡㅡㅡㅡㅡㅡㅡㅡㅡㅡㅡㅡㅡㅡㅡㅡㅡㅡㅡㅡㅡ
SQL> select * from customer;

ID                                       PASS                                     NAME                                                         REGDATE       POINT ADDR
---------------------------------------- ---------------------------------------- ------------------------------------------------------------ -------- ---------- -----------
jang                                     1234                                     장동건                                                       19/12/27       1000 서울시
won                                      498464                                   원빈                                                         19/12/27       2000 부산특별시
lee                                      4124154                                  이이이                                                       19/12/27      50000 평양
data                                     123235                                   빅데이터                                                     19/12/27        141 data
ㅂㅈㄷ                                   ㅂㅈㄷ                                   ㅂㅈㄷ                                                       19/12/27        123 ㅂㅈㄷ

SQL> select * from customer;

ID                                       PASS                                     NAME                                                         REGDATE       POINT ADDR
---------------------------------------- ---------------------------------------- ------------------------------------------------------------ -------- ---------- -----------
jang                                     1234                                     장동건                                                       19/12/27       1000 서울시
won                                      498464                                   원빈                                                         19/12/27       2000 부산특별시
lee                                      4124154                                  이이이                                                       19/12/27      50000 평양
data                                     123235                                   빅데이터                                                     19/12/27        141 data
ㅂㅈㄷ                                   ㅂㅈㄷ                                   ㅂㅈㄷ                                                       19/12/27        123 ㅂㅈㄷ
2353wt                                   2352                                     1214                                                         19/12/27      23525 2353wt

6 rows selected.

SQL> select * from customer;

ID                                       PASS                                     NAME                                                         REGDATE       POINT ADDR
---------------------------------------- ---------------------------------------- ------------------------------------------------------------ -------- ---------- -----------
jang                                     1234                                     장동건                                                       19/12/27       1000 서울시
won                                      498464                                   원빈                                                         19/12/27       2000 부산특별시
lee                                      4124154                                  이이이                                                       19/12/27      50000 평양
data                                     123235                                   빅데이터                                                     19/12/27        141 data
ㅂㅈㄷ                                   ㅂㅈㄷ                                   ㅂㅈㄷ                                                       19/12/27        123 인천
2353wt                                   2352                                     1214                                                         19/12/27      23525 2353wt

6 rows selected.

SQL> select * from customer;

ID                                       PASS                                     NAME                                                         REGDATE       POINT ADDR
---------------------------------------- ---------------------------------------- ------------------------------------------------------------ -------- ---------- -----------
jang                                     1234                                     장동건                                                       19/12/27       1000 서울시
won                                      498464                                   원빈                                                         19/12/27       2000 부산특별시
lee                                      4124154                                  이이이                                                       19/12/27      50000 평양
data                                     123235                                   빅데이터                                                     19/12/27        141 data
2353wt                                   2352                                     1214                                                         19/12/27      23525 2353wt